{"stat.useItem.minecraft.string":27,"stat.beaconInteraction":9,"stat.useItem.minecraft.bow":78,"stat.useItem.minecraft.lapis_block":576,"stat.useItem.minecraft.repeater":2,"stat.leaveGame":150,"stat.useItem.minecraft.log2":9,"stat.useItem.minecraft.beacon":16,"stat.useItem.minecraft.skull":1,"stat.killEntity.Blaze":2,"stat.useItem.minecraft.diamond_sword":5,"stat.useItem.minecraft.glowstone":61,"stat.swimOneCm":3985,"stat.useItem.minecraft.snow":55,"stat.useItem.minecraft.planks":1647,"stat.climbOneCm":2033,"stat.useItem.minecraft.coal_block":172,"stat.enderchestOpened":6,"stat.useItem.minecraft.redstone_torch":13,"stat.useItem.minecraft.dirt":902,"achievement.exploreAllBiomes":{"value":0,"progress":["Cold Taiga","Mesa","Roofed Forest","Jungle","Forest","Plains","Taiga","Desert","Swampland","Hell"]},"stat.useItem.minecraft.red_flower":10,"stat.useItem.minecraft.golden_sword":9,"stat.useItem.minecraft.vine":22,"stat.useItem.minecraft.detector_rail":97,"stat.useItem.minecraft.rail":4,"stat.useItem.minecraft.spruce_fence_gate":3,"stat.useItem.minecraft.anvil":23,"stat.flyOneCm":84772136,"stat.timeSinceDeath":3374226,"stat.hopperInspected":9,"stat.useItem.minecraft.sign":37,"stat.useItem.minecraft.spawn_egg":17,"stat.useItem.minecraft.wooden_slab":135,"stat.useItem.minecraft.armor_stand":11,"stat.killEntity.Creeper":1,"stat.useItem.minecraft.redstone":5,"stat.useItem.minecraft.red_sandstone":37,"stat.useItem.minecraft.spruce_fence":314,"stat.useItem.minecraft.written_book":1,"stat.sprintOneCm":1654033,"stat.useItem.minecraft.stained_glass":424,"stat.useItem.minecraft.diamond_shovel":889,"stat.useItem.minecraft.fence":2,"stat.useItem.minecraft.stone_stairs":2652,"stat.useItem.minecraft.stone_slab":1422,"stat.useItem.minecraft.bed":1,"achievement.openInventory":1321,"stat.useItem.minecraft.flint_and_steel":6,"stat.useItem.minecraft.wooden_button":11,"stat.useItem.minecraft.hopper":4,"stat.useItem.minecraft.ender_eye":5,"stat.deaths":6,"stat.drop":19,"stat.playOneMinute":5003871,"stat.useItem.minecraft.ladder":10,"stat.killEntity.Zombie":2,"stat.useItem.minecraft.jukebox":13,"stat.diveOneCm":1406,"stat.chestOpened":1,"stat.useItem.minecraft.lapis_ore":117,"stat.useItem.minecraft.sticky_piston":7,"stat.useItem.minecraft.stone":1682,"stat.useItem.minecraft.sponge":21,"stat.useItem.minecraft.ender_chest":2,"stat.useItem.minecraft.packed_ice":221,"stat.useItem.minecraft.bedrock":9928,"stat.jump":9905,"stat.useItem.minecraft.sand":153,"stat.fallOneCm":17018,"stat.useItem.minecraft.piston":32,"stat.crouchOneCm":140933,"stat.useItem.minecraft.stone_button":15,"stat.useItem.minecraft.glass":11,"stat.useItem.minecraft.redstone_lamp":1111,"stat.damageTaken":1760,"stat.useItem.minecraft.dark_oak_fence":1,"stat.useItem.minecraft.stone_brick_stairs":1049,"stat.useItem.minecraft.gold_block":67,"stat.useItem.minecraft.end_portal_frame":328,"stat.mineBlock.minecraft.gravel":889,"stat.damageDealt":1135,"stat.useItem.minecraft.wool":4490,"stat.killEntity.Silverfish":1,"stat.useItem.minecraft.iron_bars":20,"stat.useItem.minecraft.command_block":6,"stat.walkOneCm":4154561,"stat.useItem.minecraft.torch":27,"stat.useItem.minecraft.chest":1,"stat.useItem.minecraft.pumpkin":21,"stat.useItem.minecraft.log":1448,"stat.useItem.minecraft.comparator":2,"stat.useItem.minecraft.cobblestone":2159,"stat.useItem.minecraft.tnt":47,"stat.useItem.minecraft.gravel":350,"stat.useItem.minecraft.gold_ore":243,"stat.useItem.minecraft.redstone_block":877,"stat.useItem.minecraft.item_frame":5,"stat.useItem.minecraft.spruce_stairs":878,"stat.useItem.minecraft.stained_hardened_clay":4259,"stat.useItem.minecraft.leaves":1,"stat.useItem.minecraft.cactus":2,"stat.useItem.minecraft.netherrack":38,"stat.useItem.minecraft.barrier":69,"stat.useItem.minecraft.iron_block":124,"stat.mobKills":6,"stat.useItem.minecraft.stonebrick":3621,"stat.useItem.minecraft.monster_egg":2,"stat.useItem.minecraft.cobblestone_wall":718,"stat.useItem.minecraft.writable_book":11,"stat.useItem.minecraft.web":29}