{"stat.useItem.minecraft.bow":14,"stat.walkOneCm":652719,"stat.playerKills":1,"stat.leaveGame":2,"stat.entityKilledBy.Rabbit":1,"stat.mineBlock.minecraft.yellow_flower":2,"stat.mineBlock.minecraft.gold_block":2,"stat.jump":3015,"stat.fallOneCm":256587,"stat.climbOneCm":3801,"stat.crouchOneCm":540,"stat.sprintOneCm":486820,"stat.mineBlock.minecraft.stone_slab":1,"achievement.exploreAllBiomes":{"value":0,"progress":["Jungle"]},"achievement.openInventory":9,"stat.damageTaken":27064,"stat.mineBlock.minecraft.torch":53,"stat.useItem.minecraft.wooden_pickaxe":6,"stat.mineBlock.minecraft.stone_slab2":1,"stat.flyOneCm":1106808,"stat.deaths":5,"stat.mineBlock.minecraft.leaves":3,"stat.playOneMinute":79672,"stat.mineBlock.minecraft.gravel":1,"stat.damageDealt":152219,"stat.timeSinceDeath":64551,"stat.useItem.minecraft.iron_pickaxe":122,"stat.mineBlock.minecraft.gold_ore":117,"stat.mineBlock.minecraft.stone":3,"stat.mineBlock.minecraft.tallgrass":27}