{"stat.useItem.minecraft.prismarine":1,"stat.flyOneCm":957936,"stat.walkOneCm":141046,"stat.jump":1043,"stat.playOneMinute":81292,"stat.climbOneCm":2168,"achievement.openInventory":4,"stat.useItem.minecraft.stone":19,"stat.useItem.minecraft.barrier":13,"stat.useItem.minecraft.quartz_stairs":1,"stat.leaveGame":1,"stat.damageDealt":810,"stat.useItem.minecraft.golden_pickaxe":32,"stat.crouchOneCm":2595,"stat.timeSinceDeath":81292,"stat.sprintOneCm":112862,"stat.useItem.minecraft.sign":3,"achievement.exploreAllBiomes":{"value":0,"progress":["Jungle"]},"stat.useItem.minecraft.netherrack":2}