{"stat.useItem.minecraft.bow":398,"stat.mineBlock.minecraft.quartz_stairs":4,"stat.walkOneCm":640568,"stat.useItem.minecraft.torch":43,"stat.mineBlock.minecraft.lapis_ore":20,"achievement.openInventory":118,"stat.damageTaken":33474,"stat.mineBlock.minecraft.prismarine":4,"stat.mineBlock.minecraft.slime":5,"stat.useItem.minecraft.diamond_axe":1212,"stat.useItem.minecraft.cobblestone":124,"stat.mineBlock.minecraft.yellow_flower":1,"stat.mineBlock.minecraft.quartz_block":1,"stat.mineBlock.minecraft.torch":5,"stat.mobKills":508,"stat.useItem.minecraft.diamond_sword":37,"stat.flyOneCm":646709,"stat.deaths":4,"stat.mineBlock.minecraft.stained_glass":1,"stat.drop":1,"stat.jump":2552,"stat.swimOneCm":4351,"stat.mineBlock.minecraft.leaves":2,"stat.playOneMinute":81243,"stat.fallOneCm":139274,"stat.climbOneCm":5876,"stat.mineBlock.minecraft.gravel":42,"stat.damageDealt":223406,"stat.crouchOneCm":1462,"stat.killEntity.Zombie":502,"stat.timeSinceDeath":270,"stat.killEntity.Silverfish":6,"stat.sprintOneCm":295555,"stat.useItem.minecraft.iron_pickaxe":33,"stat.mineBlock.minecraft.stone_slab":4,"achievement.exploreAllBiomes":{"value":0,"progress":["Jungle","Hell"]},"stat.mineBlock.minecraft.tallgrass":8,"stat.diveOneCm":2108,"stat.useItem.minecraft.iron_shovel":34}