{"stat.useItem.minecraft.bow":273,"stat.walkOneCm":560855,"achievement.openInventory":38,"stat.leaveGame":1,"stat.entityKilledBy.Rabbit":1,"stat.mineBlock.minecraft.sea_lantern":13,"stat.useItem.minecraft.glass_bottle":1,"stat.damageTaken":2612,"stat.useItem.minecraft.cobblestone":506,"stat.mineBlock.minecraft.torch":11,"stat.mineBlock.minecraft.dark_oak_stairs":1,"stat.mineBlock.minecraft.wooden_slab":2,"stat.useItem.minecraft.potion":3,"stat.flyOneCm":495045,"stat.deaths":4,"stat.jump":1727,"stat.swimOneCm":4829,"stat.mineBlock.minecraft.leaves":13,"stat.playOneMinute":80963,"stat.fallOneCm":122751,"stat.mineBlock.minecraft.gravel":153,"stat.damageDealt":2385,"stat.crouchOneCm":520,"stat.timeSinceDeath":65963,"stat.sprintOneCm":317536,"stat.useItem.minecraft.iron_pickaxe":1,"stat.mineBlock.minecraft.dirt":2,"stat.mineBlock.minecraft.stone_slab":1,"achievement.exploreAllBiomes":{"value":0,"progress":["Jungle","Hell"]},"stat.diveOneCm":12076,"stat.useItem.minecraft.iron_shovel":152}