{"stat.mineBlock.minecraft.quartz_stairs":2,"stat.walkOneCm":732613,"stat.playerKills":2,"achievement.openInventory":14,"stat.leaveGame":1,"stat.entityKilledBy.Rabbit":1,"stat.mineBlock.minecraft.leaves2":5,"stat.damageTaken":11042,"stat.mineBlock.minecraft.prismarine":1,"stat.mineBlock.minecraft.torch":49,"stat.useItem.minecraft.wooden_pickaxe":8,"stat.mineBlock.minecraft.stone_slab2":2,"stat.flyOneCm":1089182,"stat.deaths":6,"stat.jump":3213,"stat.swimOneCm":2625,"stat.mineBlock.minecraft.leaves":10,"stat.playOneMinute":81082,"stat.climbOneCm":526,"stat.fallOneCm":237399,"stat.mineBlock.minecraft.gravel":1,"stat.damageDealt":64979,"stat.crouchOneCm":1831,"stat.timeSinceDeath":61948,"stat.sprintOneCm":526624,"stat.mineBlock.minecraft.stone":3,"achievement.exploreAllBiomes":{"value":0,"progress":["Jungle"]},"stat.mineBlock.minecraft.tallgrass":10,"stat.diveOneCm":4159}