{"stat.useItem.minecraft.bow":231,"stat.walkOneCm":664630,"stat.useItem.minecraft.torch":31,"stat.mineBlock.minecraft.lapis_ore":1,"achievement.openInventory":71,"stat.mineBlock.minecraft.stonebrick":2,"stat.leaveGame":1,"stat.mineBlock.minecraft.cobblestone":2,"stat.damageTaken":16031,"stat.useItem.minecraft.diamond_axe":502,"stat.useItem.minecraft.cobblestone":9,"stat.mineBlock.minecraft.torch":12,"stat.useItem.minecraft.wooden_pickaxe":4,"stat.mobKills":345,"stat.useItem.minecraft.diamond_sword":1,"stat.flyOneCm":909186,"stat.deaths":2,"stat.jump":2968,"stat.swimOneCm":1235,"stat.playOneMinute":80599,"stat.fallOneCm":121238,"stat.mineBlock.minecraft.gravel":77,"stat.damageDealt":117642,"stat.crouchOneCm":1378,"stat.mineBlock.minecraft.wool":1,"stat.killEntity.Zombie":345,"stat.timeSinceDeath":25467,"stat.sprintOneCm":437308,"stat.useItem.minecraft.iron_pickaxe":12,"stat.mineBlock.minecraft.gold_ore":9,"achievement.exploreAllBiomes":{"value":0,"progress":["Jungle","Hell"]},"stat.mineBlock.minecraft.tallgrass":3,"stat.diveOneCm":280,"stat.useItem.minecraft.iron_shovel":296}