{"stat.cakeSlicesEaten":1,"stat.useItem.minecraft.bow":541,"stat.walkOneCm":621215,"achievement.openInventory":70,"stat.leaveGame":1,"stat.mineBlock.minecraft.sea_lantern":1,"stat.damageTaken":14755,"stat.useItem.minecraft.diamond_axe":290,"stat.useItem.minecraft.cobblestone":94,"stat.useItem.minecraft.diamond_pickaxe":4,"stat.mineBlock.minecraft.torch":2,"stat.useItem.minecraft.wooden_pickaxe":8,"stat.mobKills":27,"stat.useItem.minecraft.diamond_sword":14,"stat.mineBlock.minecraft.clay":4,"stat.flyOneCm":417518,"stat.deaths":2,"stat.mineBlock.minecraft.gold_block":3,"stat.jump":1567,"stat.mineBlock.minecraft.sand":12,"stat.swimOneCm":1122,"stat.playOneMinute":80316,"stat.fallOneCm":62958,"stat.useItem.minecraft.cake":1,"stat.entityKilledBy.Zombie":1,"stat.mineBlock.minecraft.gravel":32,"stat.damageDealt":38870,"stat.crouchOneCm":27,"stat.mineBlock.minecraft.wool":1,"stat.killEntity.Zombie":27,"stat.timeSinceDeath":27148,"stat.useItem.minecraft.iron_pickaxe":3,"stat.sprintOneCm":319756,"stat.mineBlock.minecraft.dirt":6,"stat.mineBlock.minecraft.stone_slab":2,"achievement.exploreAllBiomes":{"value":0,"progress":["Jungle"]},"stat.mineBlock.minecraft.tallgrass":2,"stat.useItem.minecraft.iron_shovel":55,"stat.breakItem.minecraft.wooden_pickaxe":1,"stat.breakItem.minecraft.iron_chestplate":1}