{"stat.useItem.minecraft.bow":379,"stat.mineBlock.minecraft.quartz_stairs":1,"stat.walkOneCm":559209,"achievement.openInventory":59,"stat.mineBlock.minecraft.stonebrick":3,"stat.leaveGame":1,"stat.entityKilledBy.Rabbit":1,"stat.mineBlock.minecraft.cobblestone":1,"stat.damageTaken":1912,"stat.useItem.minecraft.golden_pickaxe":4,"stat.mineBlock.minecraft.yellow_flower":2,"stat.mineBlock.minecraft.torch":1,"stat.useItem.minecraft.wooden_pickaxe":7,"stat.useItem.minecraft.potion":1,"stat.flyOneCm":382376,"stat.deaths":2,"stat.drop":7,"stat.jump":1363,"stat.mineBlock.minecraft.leaves":7,"stat.swimOneCm":314,"stat.playOneMinute":80779,"stat.climbOneCm":2294,"stat.fallOneCm":126777,"stat.mineBlock.minecraft.gravel":1,"stat.damageDealt":4300,"stat.crouchOneCm":13019,"stat.timeSinceDeath":45413,"stat.mineBlock.minecraft.stained_hardened_clay":1,"stat.sprintOneCm":219734,"stat.mineBlock.minecraft.stone":2,"achievement.exploreAllBiomes":{"value":0,"progress":["Jungle"]},"stat.mineBlock.minecraft.tallgrass":26}