{"stat.cakeSlicesEaten":4,"stat.useItem.minecraft.bow":91,"stat.walkOneCm":883231,"achievement.openInventory":167,"stat.leaveGame":1,"stat.mineBlock.minecraft.cobblestone":9,"stat.damageTaken":19028,"stat.useItem.minecraft.cobblestone":24,"stat.mineBlock.minecraft.yellow_flower":1,"stat.mineBlock.minecraft.torch":1,"stat.mobKills":1299,"stat.flyOneCm":743048,"stat.deaths":8,"stat.drop":1,"stat.jump":2724,"stat.swimOneCm":448,"stat.playOneMinute":81201,"stat.fallOneCm":160959,"stat.climbOneCm":434,"stat.useItem.minecraft.wooden_sword":850,"stat.mineBlock.minecraft.gravel":1,"stat.damageDealt":368904,"stat.crouchOneCm":11594,"stat.killEntity.Zombie":1294,"stat.timeSinceDeath":34,"stat.killEntity.Silverfish":5,"stat.useItem.minecraft.iron_pickaxe":764,"stat.sprintOneCm":500010,"stat.mineBlock.minecraft.gold_ore":711,"stat.mineBlock.minecraft.stone":43,"achievement.exploreAllBiomes":{"value":0,"progress":["Jungle","Hell"]},"stat.mineBlock.minecraft.tallgrass":21}