{"stat.useItem.minecraft.bow":362,"stat.walkOneCm":582150,"stat.useItem.minecraft.torch":43,"stat.playerKills":2,"achievement.openInventory":55,"stat.leaveGame":1,"stat.mineBlock.minecraft.cobblestone":3,"stat.damageTaken":13602,"stat.useItem.minecraft.diamond_axe":419,"stat.useItem.minecraft.cobblestone":3,"stat.useItem.minecraft.diamond_pickaxe":32,"stat.mineBlock.minecraft.torch":8,"stat.mobKills":382,"stat.flyOneCm":992781,"stat.deaths":6,"stat.mineBlock.minecraft.gold_block":1,"stat.drop":1,"stat.jump":3447,"stat.swimOneCm":1016,"stat.playOneMinute":80477,"stat.fallOneCm":177951,"stat.climbOneCm":2628,"stat.mineBlock.minecraft.gravel":13,"stat.damageDealt":108252,"stat.crouchOneCm":8600,"stat.killEntity.Zombie":382,"stat.timeSinceDeath":33845,"stat.useItem.minecraft.iron_pickaxe":146,"stat.sprintOneCm":377831,"stat.mineBlock.minecraft.gold_ore":140,"stat.mineBlock.minecraft.stone":2,"achievement.exploreAllBiomes":{"value":0,"progress":["Jungle","Hell"]},"stat.mineBlock.minecraft.tallgrass":8,"stat.useItem.minecraft.iron_shovel":289}