{"stat.useItem.minecraft.bow":72,"stat.walkOneCm":602501,"stat.useItem.minecraft.torch":10,"stat.leaveGame":7,"stat.useItem.minecraft.cobblestone":222,"stat.useItem.minecraft.diamond_axe":1141,"stat.mineBlock.minecraft.stained_glass":1,"stat.jump":3990,"stat.swimOneCm":841,"stat.fallOneCm":131346,"stat.crouchOneCm":13082,"stat.sprintOneCm":333835,"stat.mineBlock.minecraft.stone_slab":6,"achievement.exploreAllBiomes":{"value":0,"progress":["Jungle","Hell"]},"achievement.openInventory":75,"stat.damageTaken":23835,"stat.mobKills":440,"stat.flyOneCm":1112207,"stat.deaths":5,"stat.drop":1,"stat.playOneMinute":87285,"stat.entityKilledBy.Zombie":1,"stat.mineBlock.minecraft.gravel":109,"stat.damageDealt":212882,"stat.killEntity.Zombie":440,"stat.timeSinceDeath":16108,"stat.useItem.minecraft.iron_pickaxe":54,"stat.mineBlock.minecraft.gold_ore":47,"stat.mineBlock.minecraft.stone":1,"stat.mineBlock.minecraft.tallgrass":4,"stat.useItem.minecraft.iron_shovel":109}