{"stat.flyOneCm":607626,"stat.deaths":1,"stat.walkOneCm":367646,"stat.jump":2058,"stat.playerKills":1,"stat.playOneMinute":46174,"stat.fallOneCm":98079,"achievement.openInventory":11,"stat.leaveGame":1,"stat.damageTaken":3275,"stat.damageDealt":32145,"stat.useItem.minecraft.diamond_pickaxe":69,"stat.crouchOneCm":78,"stat.mineBlock.minecraft.torch":7,"stat.timeSinceDeath":46154,"stat.sprintOneCm":325175,"achievement.exploreAllBiomes":{"value":0,"progress":["Jungle"]},"stat.breakItem.minecraft.iron_chestplate":2}