{"stat.useItem.minecraft.bow":400,"stat.mineBlock.minecraft.quartz_stairs":3,"stat.walkOneCm":577100,"stat.useItem.minecraft.torch":11,"stat.playerKills":3,"achievement.openInventory":84,"stat.leaveGame":1,"stat.damageTaken":24941,"stat.useItem.minecraft.diamond_axe":213,"stat.useItem.minecraft.cobblestone":74,"stat.mineBlock.minecraft.yellow_flower":1,"stat.useItem.minecraft.diamond_pickaxe":69,"stat.mineBlock.minecraft.torch":13,"stat.useItem.minecraft.wooden_pickaxe":6,"stat.mobKills":126,"stat.mineBlock.minecraft.stone_slab2":2,"stat.flyOneCm":979995,"stat.deaths":12,"stat.mineBlock.minecraft.gold_block":4,"stat.drop":9,"stat.jump":3056,"stat.swimOneCm":254,"stat.playOneMinute":80798,"stat.fallOneCm":207312,"stat.mineBlock.minecraft.gravel":43,"stat.damageDealt":174996,"stat.crouchOneCm":1798,"stat.killEntity.Zombie":126,"stat.timeSinceDeath":33084,"stat.sprintOneCm":365262,"stat.useItem.minecraft.iron_pickaxe":4,"stat.mineBlock.minecraft.stone_slab":1,"achievement.exploreAllBiomes":{"value":0,"progress":["Jungle","Hell"]},"stat.mineBlock.minecraft.tallgrass":12,"stat.useItem.minecraft.iron_shovel":43,"stat.breakItem.minecraft.iron_chestplate":1}