{"stat.cakeSlicesEaten":3,"stat.useItem.minecraft.bow":275,"stat.walkOneCm":687860,"stat.useItem.minecraft.torch":26,"stat.playerKills":3,"stat.leaveGame":3,"stat.mineBlock.minecraft.cobblestone":5,"stat.useItem.minecraft.diamond_axe":910,"stat.useItem.minecraft.cobblestone":321,"stat.mineBlock.minecraft.yellow_flower":1,"stat.mineBlock.minecraft.gold_block":1,"stat.jump":2171,"stat.swimOneCm":428,"stat.fallOneCm":85516,"stat.climbOneCm":1545,"stat.crouchOneCm":4923,"stat.sprintOneCm":400033,"achievement.exploreAllBiomes":{"value":0,"progress":["Jungle","Hell"]},"stat.breakItem.minecraft.iron_chestplate":1,"achievement.openInventory":123,"stat.damageTaken":16911,"stat.useItem.minecraft.diamond_pickaxe":37,"stat.mineBlock.minecraft.torch":11,"stat.mobKills":356,"stat.flyOneCm":684854,"stat.deaths":6,"stat.drop":7,"stat.playOneMinute":75453,"stat.mineBlock.minecraft.gravel":182,"stat.damageDealt":171121,"stat.killEntity.Zombie":356,"stat.timeSinceDeath":21328,"stat.useItem.minecraft.iron_pickaxe":45,"stat.mineBlock.minecraft.gold_ore":38,"stat.mineBlock.minecraft.stone":1,"stat.mineBlock.minecraft.tallgrass":9,"stat.useItem.minecraft.iron_shovel":182}