{"stat.useItem.minecraft.bow":124,"stat.walkOneCm":723019,"stat.useItem.minecraft.torch":25,"achievement.openInventory":191,"stat.leaveGame":1,"stat.mineBlock.minecraft.cobblestone":2,"stat.damageTaken":34148,"stat.useItem.minecraft.diamond_axe":2413,"stat.useItem.minecraft.cobblestone":59,"stat.mineBlock.minecraft.torch":1,"stat.mobKills":1111,"stat.useItem.minecraft.diamond_sword":5,"stat.flyOneCm":717890,"stat.deaths":8,"stat.drop":1,"stat.jump":2542,"stat.swimOneCm":242,"stat.playOneMinute":80441,"stat.fallOneCm":155326,"stat.mineBlock.minecraft.gravel":42,"stat.damageDealt":492656,"stat.killEntity.Rabbit":2,"stat.crouchOneCm":1815,"stat.killEntity.Zombie":1106,"stat.timeSinceDeath":266,"stat.killEntity.Silverfish":3,"stat.useItem.minecraft.iron_pickaxe":3,"stat.sprintOneCm":343817,"stat.mineBlock.minecraft.stone":1,"achievement.exploreAllBiomes":{"value":0,"progress":["Jungle","Hell"]},"stat.mineBlock.minecraft.tallgrass":27,"stat.breakItem.minecraft.diamond_helmet":1,"stat.useItem.minecraft.iron_shovel":40}