{"stat.walkOneCm":195444,"achievement.openInventory":14,"stat.leaveGame":1,"stat.entityKilledBy.Rabbit":1,"stat.damageTaken":7169,"stat.mineBlock.minecraft.slime":19,"stat.useItem.minecraft.diamond_axe":23,"stat.useItem.minecraft.diamond_pickaxe":22,"stat.mineBlock.minecraft.torch":2,"stat.flyOneCm":348202,"stat.deaths":4,"stat.mineBlock.minecraft.gold_block":9,"stat.mineBlock.minecraft.stained_glass":4,"stat.drop":15,"stat.jump":1171,"stat.swimOneCm":1236,"stat.playOneMinute":43613,"stat.fallOneCm":113503,"stat.damageDealt":29032,"stat.crouchOneCm":573,"stat.timeSinceDeath":28184,"stat.sprintOneCm":101796,"stat.useItem.minecraft.iron_pickaxe":9,"achievement.exploreAllBiomes":{"value":0,"progress":["Jungle"]},"stat.diveOneCm":3024,"stat.breakItem.minecraft.iron_chestplate":1}