{"stat.useItem.minecraft.bow":231,"stat.walkOneCm":542801,"stat.useItem.minecraft.torch":10,"achievement.openInventory":95,"stat.leaveGame":1,"stat.mineBlock.minecraft.sea_lantern":43,"stat.mineBlock.minecraft.cobblestone":4,"stat.damageTaken":9096,"stat.useItem.minecraft.diamond_axe":50,"stat.useItem.minecraft.cobblestone":8,"stat.mineBlock.minecraft.yellow_flower":9,"stat.mineBlock.minecraft.torch":6,"stat.mineBlock.minecraft.red_flower":1,"stat.mobKills":123,"stat.mineBlock.minecraft.wooden_slab":6,"stat.mineBlock.minecraft.oak_stairs":4,"stat.flyOneCm":788669,"stat.deaths":7,"stat.mineBlock.minecraft.planks":4,"stat.mineBlock.minecraft.stained_glass":3,"stat.drop":3,"stat.jump":2482,"stat.playOneMinute":81173,"stat.fallOneCm":119900,"stat.climbOneCm":1448,"stat.mineBlock.minecraft.gravel":65,"stat.damageDealt":78012,"stat.crouchOneCm":2357,"stat.killEntity.Zombie":123,"stat.timeSinceDeath":32508,"stat.sprintOneCm":317080,"stat.useItem.minecraft.iron_pickaxe":4,"achievement.exploreAllBiomes":{"value":0,"progress":["Jungle","Hell"]},"stat.mineBlock.minecraft.tallgrass":40,"stat.useItem.minecraft.iron_shovel":66}