{"stat.useItem.minecraft.bow":453,"stat.mineBlock.minecraft.quartz_stairs":1,"stat.walkOneCm":374889,"stat.playerKills":1,"stat.leaveGame":1,"stat.entityKilledBy.Rabbit":1,"stat.useItem.minecraft.diamond_axe":22,"stat.useItem.minecraft.potion":2,"stat.mineBlock.minecraft.gold_block":2,"stat.jump":3127,"stat.swimOneCm":309,"stat.fallOneCm":200890,"stat.climbOneCm":214,"stat.crouchOneCm":1147,"stat.sprintOneCm":237030,"achievement.exploreAllBiomes":{"value":0,"progress":["Jungle","Hell"]},"achievement.openInventory":9,"stat.mineBlock.minecraft.sea_lantern":11,"stat.damageTaken":7704,"stat.useItem.minecraft.golden_pickaxe":17,"stat.mineBlock.minecraft.torch":1,"stat.flyOneCm":867376,"stat.deaths":6,"stat.drop":1,"stat.playOneMinute":80148,"stat.damageDealt":12314,"stat.timeSinceDeath":60243,"stat.useItem.minecraft.iron_pickaxe":2}