{"stat.useItem.minecraft.bow":311,"stat.walkOneCm":781556,"stat.useItem.minecraft.torch":6,"achievement.openInventory":150,"stat.leaveGame":1,"stat.damageTaken":23879,"stat.useItem.minecraft.cobblestone":12,"stat.mineBlock.minecraft.torch":1,"stat.mobKills":549,"stat.useItem.minecraft.diamond_sword":9,"stat.flyOneCm":526888,"stat.deaths":1,"stat.mineBlock.minecraft.gold_block":2,"stat.drop":1,"stat.jump":2164,"stat.playOneMinute":74629,"stat.fallOneCm":52293,"stat.climbOneCm":676,"stat.mineBlock.minecraft.gravel":24,"stat.useItem.minecraft.shears":2,"stat.damageDealt":256430,"stat.crouchOneCm":2344,"stat.killEntity.Zombie":547,"stat.timeSinceDeath":10652,"stat.killEntity.Silverfish":2,"stat.useItem.minecraft.iron_pickaxe":81,"stat.sprintOneCm":407118,"stat.mineBlock.minecraft.gold_ore":79,"achievement.exploreAllBiomes":{"value":0,"progress":["Jungle","Hell"]},"stat.mineBlock.minecraft.tallgrass":3,"stat.useItem.minecraft.iron_shovel":23}