{"stat.cakeSlicesEaten":1,"stat.useItem.minecraft.bow":184,"stat.walkOneCm":578244,"stat.useItem.minecraft.torch":11,"stat.mineBlock.minecraft.lapis_ore":2,"achievement.openInventory":81,"stat.mineBlock.minecraft.stonebrick":1,"stat.damageTaken":17416,"stat.useItem.minecraft.diamond_axe":400,"stat.useItem.minecraft.cobblestone":5,"stat.mineBlock.minecraft.yellow_flower":1,"stat.mineBlock.minecraft.double_plant":3,"stat.mobKills":127,"stat.flyOneCm":818816,"stat.deaths":5,"stat.drop":3,"stat.jump":3149,"stat.playOneMinute":80881,"stat.fallOneCm":119900,"stat.useItem.minecraft.cake":1,"stat.mineBlock.minecraft.gravel":77,"stat.damageDealt":61791,"stat.crouchOneCm":1024,"stat.killEntity.Zombie":127,"stat.timeSinceDeath":23682,"stat.sprintOneCm":382523,"stat.useItem.minecraft.iron_pickaxe":6,"stat.mineBlock.minecraft.stone_slab":3,"achievement.exploreAllBiomes":{"value":0,"progress":["Jungle","Hell"]},"stat.mineBlock.minecraft.tallgrass":45,"stat.useItem.minecraft.iron_shovel":116}