{"stat.useItem.minecraft.bow":14,"stat.walkOneCm":213004,"stat.useItem.minecraft.torch":2,"stat.playerKills":1,"achievement.openInventory":27,"stat.useItem.minecraft.iron_sword":19,"stat.leaveGame":1,"stat.damageTaken":3423,"stat.mineBlock.minecraft.prismarine":1,"stat.useItem.minecraft.cobblestone":16,"stat.useItem.minecraft.diamond_axe":31,"stat.mobKills":7,"stat.flyOneCm":658662,"stat.deaths":5,"stat.jump":2230,"stat.playOneMinute":40261,"stat.fallOneCm":116264,"stat.mineBlock.minecraft.gravel":35,"stat.damageDealt":6289,"stat.crouchOneCm":2145,"stat.killEntity.Zombie":7,"stat.timeSinceDeath":3157,"stat.useItem.minecraft.iron_pickaxe":1,"stat.sprintOneCm":155505,"achievement.exploreAllBiomes":{"value":0,"progress":["Jungle","Hell"]},"stat.mineBlock.minecraft.tallgrass":1,"stat.useItem.minecraft.iron_shovel":33}