{"stat.walkOneCm":378070,"achievement.openInventory":10,"stat.mineBlock.minecraft.stonebrick":3,"stat.leaveGame":1,"stat.entityKilledBy.Rabbit":1,"stat.mineBlock.minecraft.sea_lantern":1,"stat.damageTaken":13485,"stat.useItem.minecraft.golden_pickaxe":7,"stat.mineBlock.minecraft.quartz_block":2,"stat.mineBlock.minecraft.torch":20,"stat.mineBlock.minecraft.red_flower":1,"stat.useItem.minecraft.wooden_pickaxe":13,"stat.mineBlock.minecraft.stone_slab2":2,"stat.flyOneCm":1049357,"stat.deaths":3,"stat.mineBlock.minecraft.stained_glass":2,"stat.jump":3192,"stat.swimOneCm":367,"stat.mineBlock.minecraft.sand":4,"stat.playOneMinute":80502,"stat.climbOneCm":2517,"stat.fallOneCm":199101,"stat.mineBlock.minecraft.cobblestone_wall":1,"stat.damageDealt":29020,"stat.crouchOneCm":64,"stat.timeSinceDeath":65480,"stat.sprintOneCm":308740,"stat.mineBlock.minecraft.stone_slab":8,"achievement.exploreAllBiomes":{"value":0,"progress":["Jungle"]}}