{"stat.useItem.minecraft.bow":161,"stat.walkOneCm":398439,"stat.useItem.minecraft.torch":41,"achievement.openInventory":58,"stat.leaveGame":1,"stat.mineBlock.minecraft.cobblestone":1,"stat.damageTaken":14594,"stat.useItem.minecraft.cobblestone":479,"stat.mineBlock.minecraft.yellow_flower":3,"stat.mineBlock.minecraft.red_flower":1,"stat.mineBlock.minecraft.torch":2,"stat.mobKills":412,"stat.useItem.minecraft.diamond_sword":5,"stat.flyOneCm":505063,"stat.deaths":2,"stat.jump":1600,"stat.playOneMinute":81367,"stat.fallOneCm":90109,"stat.mineBlock.minecraft.gravel":96,"stat.useItem.minecraft.shears":16,"stat.damageDealt":146065,"stat.crouchOneCm":8153,"stat.killEntity.Zombie":412,"stat.timeSinceDeath":273,"stat.sprintOneCm":215530,"stat.useItem.minecraft.iron_pickaxe":326,"stat.mineBlock.minecraft.gold_ore":309,"stat.mineBlock.minecraft.stone":12,"achievement.exploreAllBiomes":{"value":0,"progress":["Jungle","Hell"]},"stat.mineBlock.minecraft.tallgrass":21,"stat.breakItem.minecraft.diamond_helmet":1,"stat.useItem.minecraft.iron_shovel":93}