{"stat.chestOpened":1,"stat.walkOneCm":996538,"stat.useItem.minecraft.quartz_stairs":24,"stat.leaveGame":2,"stat.useItem.minecraft.log":7,"stat.useItem.minecraft.cobblestone":4,"stat.useItem.minecraft.potion":15,"stat.useItem.minecraft.bedrock":9,"stat.jump":2640,"stat.useItem.minecraft.redstone_block":1,"stat.useItem.minecraft.milk_bucket":1,"stat.crouchOneCm":30436,"stat.useItem.minecraft.written_book":2,"stat.useItem.minecraft.stained_hardened_clay":3,"stat.useItem.minecraft.dirt":3,"stat.sprintOneCm":796863,"stat.useItem.minecraft.light_weighted_pressure_plate":4,"achievement.exploreAllBiomes":{"value":0,"progress":["Mesa","Roofed Forest","Jungle","Forest","Plains","Desert","Swampland"]},"stat.useItem.minecraft.netherrack":7,"stat.useItem.minecraft.stone_slab":11,"achievement.openInventory":20,"stat.useItem.minecraft.flint_and_steel":5,"stat.useItem.minecraft.iron_block":57,"stat.useItem.minecraft.stone_brick_stairs":3,"stat.useItem.minecraft.stonebrick":6,"stat.flyOneCm":3445378,"stat.useItem.minecraft.cobblestone_wall":5,"stat.playOneMinute":167110,"stat.useItem.minecraft.cake":8,"stat.timeSinceDeath":167110}