{"stat.walkOneCm":130255,"stat.useItem.minecraft.stone":1,"stat.useItem.minecraft.pumpkin":1,"stat.leaveGame":8,"stat.useItem.minecraft.log":407,"stat.useItem.minecraft.log2":73,"stat.useItem.minecraft.cobblestone":2,"stat.useItem.minecraft.gold_ore":1,"stat.useItem.minecraft.dark_oak_stairs":11,"stat.useItem.minecraft.glowstone":2,"stat.useItem.minecraft.bedrock":7,"stat.jump":1044,"stat.crouchOneCm":1156,"achievement.mineWood":1,"stat.useItem.minecraft.stained_hardened_clay":1,"stat.useItem.minecraft.leaves":14,"stat.sprintOneCm":92538,"achievement.exploreAllBiomes":{"value":0,"progress":["Roofed Forest","Jungle","Plains","Swampland"]},"stat.useItem.minecraft.stone_stairs":3,"stat.useItem.minecraft.bed":4,"achievement.openInventory":418,"stat.useItem.minecraft.barrier":3,"stat.useItem.minecraft.golden_rail":1,"stat.useItem.minecraft.detector_rail":6,"stat.useItem.minecraft.rail":11,"stat.useItem.minecraft.stonebrick":2,"stat.flyOneCm":3491711,"stat.useItem.minecraft.cobblestone_wall":1,"stat.playOneMinute":174904,"stat.timeSinceDeath":174904,"stat.hopperInspected":2,"stat.useItem.minecraft.wooden_slab":42}