{"stat.beaconInteraction":17,"stat.useItem.minecraft.string":7,"stat.useItem.minecraft.bow":58,"stat.leaveGame":56,"stat.useItem.minecraft.beacon":36,"stat.useItem.minecraft.skull":2,"stat.useItem.minecraft.glowstone":14,"stat.swimOneCm":2476,"stat.useItem.minecraft.planks":160,"stat.climbOneCm":837,"stat.useItem.minecraft.coal_block":31,"stat.enderchestOpened":6,"stat.useItem.minecraft.redstone_torch":12,"stat.useItem.minecraft.dirt":254,"achievement.exploreAllBiomes":{"value":0,"progress":["Mesa","Roofed Forest","Jungle","Plains","Taiga","Swampland","Hell"]},"stat.useItem.minecraft.red_flower":29,"stat.useItem.minecraft.activator_rail":18,"stat.useItem.minecraft.iron_ore":1,"stat.useItem.minecraft.detector_rail":44,"stat.useItem.minecraft.rail":26,"stat.useItem.minecraft.spruce_fence_gate":4,"stat.useItem.minecraft.anvil":5,"stat.flyOneCm":67159442,"stat.useItem.minecraft.cooked_beef":2,"stat.timeSinceDeath":2491753,"stat.hopperInspected":1,"stat.useItem.minecraft.sign":12,"stat.useItem.minecraft.spawn_egg":3,"stat.cauldronFilled":1,"stat.useItem.minecraft.wooden_slab":41,"stat.useItem.minecraft.minecart":2,"stat.useItem.minecraft.milk_bucket":8,"stat.useItem.minecraft.sea_lantern":82,"stat.useItem.minecraft.spruce_fence":332,"achievement.mineWood":1,"stat.useItem.minecraft.trapdoor":6,"stat.sprintOneCm":1083455,"stat.useItem.minecraft.stained_glass":5,"stat.useItem.minecraft.fence":5,"stat.useItem.minecraft.stone_stairs":1793,"stat.useItem.minecraft.stone_slab":1708,"stat.useItem.minecraft.bed":10,"achievement.openInventory":855,"stat.useItem.minecraft.cauldron":1,"stat.useItem.minecraft.flint_and_steel":38,"stat.useItem.minecraft.brown_mushroom_block":4,"stat.useItem.minecraft.ender_eye":2,"stat.deaths":5,"stat.drop":12,"stat.playOneMinute":4076144,"stat.useItem.minecraft.ladder":14,"stat.useItem.minecraft.lapis_ore":12,"stat.useItem.minecraft.sticky_piston":57,"stat.useItem.minecraft.stone":164,"stat.useItem.minecraft.ender_chest":15,"stat.useItem.minecraft.potion":44,"stat.useItem.minecraft.bedrock":8890,"stat.jump":8277,"stat.useItem.minecraft.iron_trapdoor":3,"stat.fallOneCm":14199,"stat.useItem.minecraft.piston":92,"stat.crouchOneCm":135532,"stat.useItem.minecraft.coal_ore":8,"stat.useItem.minecraft.stone_button":11,"stat.useItem.minecraft.glass":32,"stat.useItem.minecraft.redstone_lamp":1099,"stat.useItem.minecraft.golden_rail":11,"stat.damageTaken":620,"stat.useItem.minecraft.stone_brick_stairs":3565,"stat.useItem.minecraft.gold_block":37,"stat.useItem.minecraft.end_portal_frame":118,"stat.damageDealt":525,"stat.useItem.minecraft.wool":2073,"stat.useItem.minecraft.iron_bars":14,"stat.useItem.minecraft.command_block":1,"stat.walkOneCm":3319775,"stat.useItem.minecraft.torch":15,"stat.useItem.minecraft.log":2602,"stat.useItem.minecraft.cobblestone":1836,"stat.useItem.minecraft.gravel":59,"stat.useItem.minecraft.gold_ore":83,"stat.useItem.minecraft.redstone_block":1169,"stat.useItem.minecraft.spruce_stairs":336,"stat.useItem.minecraft.stained_hardened_clay":2732,"stat.useItem.minecraft.leaves":48,"stat.useItem.minecraft.tallgrass":9,"stat.useItem.minecraft.netherrack":32,"stat.useItem.minecraft.prismarine":6,"stat.killEntity.Skeleton":2,"stat.useItem.minecraft.iron_sword":6,"stat.useItem.minecraft.barrier":2,"stat.useItem.minecraft.iron_block":117,"stat.mobKills":3,"stat.useItem.minecraft.stonebrick":7213,"stat.useItem.minecraft.mossy_cobblestone":1,"stat.useItem.minecraft.monster_egg":22,"stat.useItem.minecraft.cobblestone_wall":1422}