{"stat.useItem.minecraft.bow":7,"stat.flyOneCm":695266,"stat.walkOneCm":64717,"stat.jump":486,"stat.playOneMinute":47934,"achievement.openInventory":8,"stat.useItem.minecraft.barrier":18,"stat.leaveGame":1,"stat.useItem.minecraft.log":90,"stat.useItem.minecraft.stone_brick_stairs":1,"stat.crouchOneCm":1478,"stat.timeSinceDeath":47934,"achievement.mineWood":1,"stat.useItem.minecraft.spruce_fence":13,"stat.useItem.minecraft.stained_hardened_clay":64,"stat.useItem.minecraft.leaves":78,"stat.sprintOneCm":51545,"achievement.exploreAllBiomes":{"value":0,"progress":["Roofed Forest","Jungle","Plains","Taiga","Swampland"]}}