{"stat.walkOneCm":58394,"stat.useItem.minecraft.redstone_lamp":7,"achievement.openInventory":4,"stat.leaveGame":3,"stat.damageTaken":20,"stat.flyOneCm":2371591,"stat.useItem.minecraft.bedrock":5,"stat.jump":444,"stat.playOneMinute":92040,"stat.fallOneCm":886,"stat.useItem.minecraft.redstone_block":8,"stat.crouchOneCm":2737,"stat.timeSinceDeath":92040,"stat.useItem.minecraft.redstone_torch":1,"stat.sprintOneCm":43148,"achievement.exploreAllBiomes":{"value":0,"progress":["Roofed Forest","Jungle","Plains","Swampland"]}}