{"stat.useItem.minecraft.bow":8,"stat.walkOneCm":83294,"stat.useItem.minecraft.stone":8,"stat.leaveGame":27,"stat.useItem.minecraft.log":19,"stat.useItem.minecraft.cobblestone":45,"stat.useItem.minecraft.bedrock":532,"stat.jump":272,"stat.useItem.minecraft.redstone_block":91,"stat.fallOneCm":751,"stat.crouchOneCm":3030,"achievement.mineWood":1,"stat.useItem.minecraft.stained_hardened_clay":53,"stat.useItem.minecraft.dirt":7,"stat.sprintOneCm":7284,"stat.useItem.minecraft.diamond_block":1,"achievement.exploreAllBiomes":{"value":0,"progress":["Roofed Forest","Jungle","Forest","Plains","Swampland"]},"stat.useItem.minecraft.stone_stairs":17,"stat.useItem.minecraft.prismarine":3,"stat.useItem.minecraft.stone_slab":6,"stat.useItem.minecraft.redstone_lamp":71,"achievement.openInventory":35,"stat.damageTaken":50,"stat.useItem.minecraft.stone_brick_stairs":25,"stat.useItem.minecraft.gold_block":1,"stat.useItem.minecraft.stonebrick":82,"stat.flyOneCm":3348224,"stat.useItem.minecraft.end_portal_frame":4,"stat.useItem.minecraft.cobblestone_wall":65,"stat.drop":2,"stat.playOneMinute":145192,"stat.useItem.minecraft.wool":230,"stat.timeSinceDeath":145192}